{"data":{"id":"a74c0e31f99d4c91a9f34be156d28acd_638fc279331c5","type":"form","form":{"ref":"a74c0e31f99d4c91a9f34be156d28acd_638fc279331c5","name":"Field Datasheet - Remote Cam Survey Guidelines v1","slug":"field-datasheet-remote-cam-survey-guidelines-v1","type":"hierarchy","inputs":[{"ref":"a74c0e31f99d4c91a9f34be156d28acd_638fc279331c5_64a3d99b27016","type":"group","question":"Visit Metadata","is_title":false,"is_required":false,"uniqueness":"none","regex":null,"default":null,"verify":false,"max":null,"min":null,"datetime_format":null,"set_to_current_datetime":false,"possible_answers":[],"jumps":[],"branch":[],"group":[{"ref":"a74c0e31f99d4c91a9f34be156d28acd_638fc279331c5_64a3d99b27016_64a3e27e270b9","type":"text","question":"Project Name","is_title":false,"is_required":true,"uniqueness":"none","regex":null,"default":null,"verify":false,"max":null,"min":null,"datetime_format":null,"set_to_current_datetime":false,"possible_answers":[],"jumps":[],"branch":[],"group":[]},{"ref":"a74c0e31f99d4c91a9f34be156d28acd_638fc279331c5_64a3d99b27016_64a3e28a270ba","type":"text","question":"Sample Station Name","is_title":false,"is_required":false,"uniqueness":"none","regex":null,"default":null,"verify":false,"max":null,"min":null,"datetime_format":null,"set_to_current_datetime":false,"possible_answers":[],"jumps":[],"branch":[],"group":[]},{"ref":"a74c0e31f99d4c91a9f34be156d28acd_638fc279331c5_64a3d99b27016_64a3e28c270bb","type":"text","question":"Camera Location Name","is_title":false,"is_required":true,"uniqueness":"none","regex":null,"default":null,"verify":false,"max":null,"min":null,"datetime_format":null,"set_to_current_datetime":false,"possible_answers":[],"jumps":[],"branch":[],"group":[]},{"ref":"a74c0e31f99d4c91a9f34be156d28acd_638fc279331c5_64a3d99b27016_64a3e31c270c3","type":"location","question":"Latitude/Longitude Camera Location","is_title":false,"is_required":false,"uniqueness":"none","regex":null,"default":null,"verify":false,"max":null,"min":null,"datetime_format":null,"set_to_current_datetime":false,"possible_answers":[],"jumps":[],"branch":[],"group":[]},{"ref":"a74c0e31f99d4c91a9f34be156d28acd_638fc279331c5_64a3d99b27016_64a3e357270c8","type":"integer","question":"GPS Unit Accuracy (m)","is_title":false,"is_required":true,"uniqueness":"none","regex":"","default":"","verify":false,"max":"","min":"","datetime_format":null,"set_to_current_datetime":false,"possible_answers":[],"jumps":[],"branch":[],"group":[]},{"ref":"a74c0e31f99d4c91a9f34be156d28acd_638fc279331c5_64a3d99b27016_64a3e35d270c9","type":"dropdown","question":"*Access Method","is_title":false,"is_required":false,"uniqueness":"none","regex":null,"default":"","verify":false,"max":null,"min":null,"datetime_format":null,"set_to_current_datetime":false,"possible_answers":[{"answer":"Foot","answer_ref":"64a3e35d270ca"},{"answer":"ATV","answer_ref":"64a3e3aa270ce"},{"answer":"Argo","answer_ref":"64a3e3aa270cf"},{"answer":"Truck","answer_ref":"64a3e3aa270d0"},{"answer":"Snowmobile","answer_ref":"64a3e3aa270d1"},{"answer":"Horse","answer_ref":"64a3e3aa270d2"},{"answer":"Helicopter","answer_ref":"64a3e3c1270d3"},{"answer":"Boat","answer_ref":"64a3e3c1270d4"},{"answer":"Unknown","answer_ref":"64a3e3c1270d5"}],"jumps":[],"branch":[],"group":[]},{"ref":"a74c0e31f99d4c91a9f34be156d28acd_638fc279331c5_64a3d99b27016_64a3e361270cb","type":"text","question":"Crew","is_title":false,"is_required":true,"uniqueness":"none","regex":null,"default":null,"verify":false,"max":null,"min":null,"datetime_format":null,"set_to_current_datetime":false,"possible_answers":[],"jumps":[],"branch":[],"group":[]},{"ref":"a74c0e31f99d4c91a9f34be156d28acd_638fc279331c5_64a3d99b27016_64a3e36a270cc","type":"date","question":"Deployment Start DATE Time (DD-MMM-YYYY HH:MM:SS)","is_title":false,"is_required":true,"uniqueness":"none","regex":null,"default":null,"verify":false,"max":null,"min":null,"datetime_format":"dd/MM/YYYY","set_to_current_datetime":false,"possible_answers":[],"jumps":[],"branch":[],"group":[]},{"ref":"a74c0e31f99d4c91a9f34be156d28acd_638fc279331c5_64a3d99b27016_64a3e37e270cd","type":"time","question":"Deployment Start Date TIME (DD-MMM-YYYY HH:MM:SS)","is_title":false,"is_required":true,"uniqueness":"none","regex":null,"default":null,"verify":false,"max":null,"min":null,"datetime_format":"HH:mm","set_to_current_datetime":false,"possible_answers":[],"jumps":[],"branch":[],"group":[]}]},{"ref":"a74c0e31f99d4c91a9f34be156d28acd_638fc279331c5_668737dfe90ae","type":"dropdown","question":"Purpose of Visit","is_title":false,"is_required":true,"uniqueness":"none","regex":null,"default":"","verify":false,"max":null,"min":null,"datetime_format":null,"set_to_current_datetime":false,"possible_answers":[{"answer":"Deployment","answer_ref":"668737dfe90af"},{"answer":"Service","answer_ref":"668737ece90b0"},{"answer":"Retrieval","answer_ref":"668737f5e90b1"}],"jumps":[{"to":"a74c0e31f99d4c91a9f34be156d28acd_638fc279331c5_64a3e60827104","when":"IS_NOT","answer_ref":"668737dfe90af"}],"branch":[],"group":[]},{"ref":"a74c0e31f99d4c91a9f34be156d28acd_638fc279331c5_64a3dc7e27075","type":"group","question":"Deployment - Equipment Info","is_title":false,"is_required":false,"uniqueness":"none","regex":null,"default":null,"verify":false,"max":null,"min":null,"datetime_format":null,"set_to_current_datetime":false,"possible_answers":[],"jumps":[],"branch":[],"group":[{"ref":"a74c0e31f99d4c91a9f34be156d28acd_638fc279331c5_64a3dc7e27075_64a3dfdd27080","type":"text","question":"Camera ID","is_title":false,"is_required":true,"uniqueness":"none","regex":null,"default":null,"verify":false,"max":null,"min":null,"datetime_format":null,"set_to_current_datetime":false,"possible_answers":[],"jumps":[],"branch":[],"group":[]},{"ref":"a74c0e31f99d4c91a9f34be156d28acd_638fc279331c5_64a3dc7e27075_64a3dff227081","type":"text","question":"Camera Make","is_title":false,"is_required":true,"uniqueness":"none","regex":null,"default":null,"verify":false,"max":null,"min":null,"datetime_format":null,"set_to_current_datetime":false,"possible_answers":[],"jumps":[],"branch":[],"group":[]},{"ref":"a74c0e31f99d4c91a9f34be156d28acd_638fc279331c5_64a3dc7e27075_64a3dff327082","type":"text","question":"Camera Model","is_title":false,"is_required":true,"uniqueness":"none","regex":null,"default":null,"verify":false,"max":null,"min":null,"datetime_format":null,"set_to_current_datetime":false,"possible_answers":[],"jumps":[],"branch":[],"group":[]},{"ref":"a74c0e31f99d4c91a9f34be156d28acd_638fc279331c5_64a3dc7e27075_64a3e00927083","type":"text","question":"Camera Serial Number","is_title":false,"is_required":true,"uniqueness":"none","regex":null,"default":null,"verify":false,"max":null,"min":null,"datetime_format":null,"set_to_current_datetime":false,"possible_answers":[],"jumps":[],"branch":[],"group":[]},{"ref":"a74c0e31f99d4c91a9f34be156d28acd_638fc279331c5_64a3dc7e27075_64a3e02827084","type":"text","question":"*SD Card ID","is_title":false,"is_required":false,"uniqueness":"none","regex":null,"default":null,"verify":false,"max":null,"min":null,"datetime_format":null,"set_to_current_datetime":false,"possible_answers":[],"jumps":[],"branch":[],"group":[]},{"ref":"a74c0e31f99d4c91a9f34be156d28acd_638fc279331c5_64a3dc7e27075_64a3e02a27085","type":"text","question":"*Key ID","is_title":false,"is_required":false,"uniqueness":"none","regex":null,"default":null,"verify":false,"max":null,"min":null,"datetime_format":null,"set_to_current_datetime":false,"possible_answers":[],"jumps":[],"branch":[],"group":[]},{"ref":"a74c0e31f99d4c91a9f34be156d28acd_638fc279331c5_64a3dc7e27075_64a3e0502708b","type":"dropdown","question":"*Security","is_title":false,"is_required":false,"uniqueness":"none","regex":null,"default":"","verify":false,"max":null,"min":null,"datetime_format":null,"set_to_current_datetime":false,"possible_answers":[{"answer":"Security box","answer_ref":"64a3e0502708c"},{"answer":"Bracket","answer_ref":"64a3e236270b6"},{"answer":"Bracket + Screws","answer_ref":"64a3e236270b7"},{"answer":"None","answer_ref":"64a3e237270b8"}],"jumps":[],"branch":[],"group":[]}]},{"ref":"a74c0e31f99d4c91a9f34be156d28acd_638fc279331c5_64a3dea42707e","type":"group","question":"Deployment - Camera Settings","is_title":false,"is_required":false,"uniqueness":"none","regex":null,"default":null,"verify":false,"max":null,"min":null,"datetime_format":null,"set_to_current_datetime":false,"possible_answers":[],"jumps":[],"branch":[],"group":[{"ref":"a74c0e31f99d4c91a9f34be156d28acd_638fc279331c5_64a3dea42707e_64a3e0a52708d","type":"dropdown","question":"Trigger Mode(s)","is_title":false,"is_required":true,"uniqueness":"none","regex":null,"default":"","verify":false,"max":null,"min":null,"datetime_format":null,"set_to_current_datetime":false,"possible_answers":[{"answer":"Motion Image","answer_ref":"64a3e0a52708e"},{"answer":"Time-lapse Image","answer_ref":"64ae2bd39af67"},{"answer":"Video","answer_ref":"64a3e0b827090"},{"answer":"Motion Image + Time-lapse Image","answer_ref":"64a3e0b927091"},{"answer":"Motion Image + Time-lapse Image + Video","answer_ref":"64a3e0cf27093"},{"answer":"Motion Image + Video","answer_ref":"64ae2beb9af68"},{"answer":"Time-lapse Image + Video","answer_ref":"64a3e0b82708f"}],"jumps":[],"branch":[],"group":[]},{"ref":"a74c0e31f99d4c91a9f34be156d28acd_638fc279331c5_64a3dea42707e_64a3e0e627094","type":"integer","question":"*Video Length (seconds)","is_title":false,"is_required":false,"uniqueness":"none","regex":"","default":"","verify":false,"max":"","min":"","datetime_format":null,"set_to_current_datetime":false,"possible_answers":[],"jumps":[],"branch":[],"group":[]},{"ref":"a74c0e31f99d4c91a9f34be156d28acd_638fc279331c5_64a3dea42707e_64a3e0eb27096","type":"dropdown","question":"Trigger Sensitivity","is_title":false,"is_required":true,"uniqueness":"none","regex":null,"default":"","verify":false,"max":null,"min":null,"datetime_format":null,"set_to_current_datetime":false,"possible_answers":[{"answer":"Low","answer_ref":"64a3e0eb27097"},{"answer":"Low/Med","answer_ref":"64a3e0f627098"},{"answer":"Med","answer_ref":"64a3e0f627099"},{"answer":"Med/High","answer_ref":"64a3e0f62709a"},{"answer":"High","answer_ref":"64a3e0f72709b"},{"answer":"Very High","answer_ref":"64a3e0f72709c"},{"answer":"Unknown","answer_ref":"64a3e0f72709d"}],"jumps":[],"branch":[],"group":[]},{"ref":"a74c0e31f99d4c91a9f34be156d28acd_638fc279331c5_64a3dea42707e_64a3e0ea27095","type":"integer","question":"Photos Per Trigger","is_title":false,"is_required":true,"uniqueness":"none","regex":"","default":"","verify":false,"max":"","min":"","datetime_format":null,"set_to_current_datetime":false,"possible_answers":[],"jumps":[],"branch":[],"group":[]},{"ref":"a74c0e31f99d4c91a9f34be156d28acd_638fc279331c5_64a3dea42707e_64a3e11e2709f","type":"integer","question":"Motion Image Interval (seconds)","is_title":false,"is_required":true,"uniqueness":"none","regex":"","default":"","verify":false,"max":"","min":"","datetime_format":null,"set_to_current_datetime":false,"possible_answers":[],"jumps":[],"branch":[],"group":[]},{"ref":"a74c0e31f99d4c91a9f34be156d28acd_638fc279331c5_64a3dea42707e_64a3e11d2709e","type":"integer","question":"Quiet Period (seconds)","is_title":false,"is_required":true,"uniqueness":"none","regex":"","default":"","verify":false,"max":"","min":"","datetime_format":null,"set_to_current_datetime":false,"possible_answers":[],"jumps":[],"branch":[],"group":[]}]},{"ref":"a74c0e31f99d4c91a9f34be156d28acd_638fc279331c5_64a3de7f2707d","type":"group","question":"Deployment - Placement","is_title":false,"is_required":false,"uniqueness":"none","regex":null,"default":null,"verify":false,"max":null,"min":null,"datetime_format":null,"set_to_current_datetime":false,"possible_answers":[],"jumps":[],"branch":[],"group":[{"ref":"a74c0e31f99d4c91a9f34be156d28acd_638fc279331c5_64a3de7f2707d_64a3e16d270a0","type":"integer","question":"Camera Height (m)","is_title":false,"is_required":true,"uniqueness":"none","regex":"","default":"","verify":false,"max":"","min":"","datetime_format":null,"set_to_current_datetime":false,"possible_answers":[],"jumps":[],"branch":[],"group":[]},{"ref":"a74c0e31f99d4c91a9f34be156d28acd_638fc279331c5_64a3de7f2707d_64a3e177270a1","type":"integer","question":"*Camera Direction (degrees)","is_title":false,"is_required":false,"uniqueness":"none","regex":"","default":"","verify":false,"max":"","min":"","datetime_format":null,"set_to_current_datetime":false,"possible_answers":[],"jumps":[],"branch":[],"group":[]},{"ref":"a74c0e31f99d4c91a9f34be156d28acd_638fc279331c5_64a3de7f2707d_64a3e182270a2","type":"dropdown","question":"*Camera Attachment","is_title":false,"is_required":false,"uniqueness":"none","regex":null,"default":"","verify":false,"max":null,"min":null,"datetime_format":null,"set_to_current_datetime":false,"possible_answers":[{"answer":"Tree","answer_ref":"64a3e182270a3"},{"answer":"Post","answer_ref":"64a3e18d270a5"},{"answer":"Tree + Bungee/Strap","answer_ref":"64a3e18d270a6"},{"answer":"Tree + Screws","answer_ref":"64a3e18d270a7"},{"answer":"Post + Bungee/Strap","answer_ref":"64a3e18d270a8"},{"answer":"Post + Screws","answer_ref":"64a3e18d270a9"},{"answer":"Other†","answer_ref":"64a3e1b9270aa"}],"jumps":[],"branch":[],"group":[]},{"ref":"a74c0e31f99d4c91a9f34be156d28acd_638fc279331c5_64a3de7f2707d_64a3e184270a4","type":"integer","question":"*Stake Distance (m)","is_title":false,"is_required":false,"uniqueness":"none","regex":"","default":"","verify":false,"max":"","min":"","datetime_format":null,"set_to_current_datetime":false,"possible_answers":[],"jumps":[],"branch":[],"group":[]},{"ref":"a74c0e31f99d4c91a9f34be156d28acd_638fc279331c5_64a3de7f2707d_64a3e1cd270ab","type":"checkbox","question":"FOV Target Feature","is_title":false,"is_required":true,"uniqueness":"none","regex":null,"default":"","verify":false,"max":null,"min":null,"datetime_format":null,"set_to_current_datetime":false,"possible_answers":[{"answer":"Game Trail","answer_ref":"64a3e1cd270ac"},{"answer":"Hiking Trail","answer_ref":"64a3e4dc270ee"},{"answer":"Off-Highway Vehicle Trail","answer_ref":"64a3e4dd270ef"},{"answer":"Paved Road","answer_ref":"64a3e4dd270f0"},{"answer":"Dirt/Gravel Road","answer_ref":"64a3e4dd270f1"},{"answer":"Road Crossing","answer_ref":"64a3e4dd270f2"},{"answer":"Railway","answer_ref":"64a3e4dd270f3"},{"answer":"Cutline/Seismic Line","answer_ref":"64a3e555270f4"},{"answer":"Transmission Line","answer_ref":"64a3e568270f9"},{"answer":"Pipeline","answer_ref":"64a3e555270f5"},{"answer":"Wellsite","answer_ref":"64a3e555270f6"},{"answer":"Culvert","answer_ref":"64a3e556270f8"},{"answer":"Beaver Dam","answer_ref":"64a3e555270f7"},{"answer":"Burrow/Den","answer_ref":"64a3e597270fa"},{"answer":"Nest","answer_ref":"64a3e598270fb"},{"answer":"Carcass","answer_ref":"64a3e598270fc"},{"answer":" Natural Mineral Lick","answer_ref":"64a3e598270fd"},{"answer":"Rub Post","answer_ref":"64a3e5c3270fe"},{"answer":"Other†","answer_ref":"64a3e5c3270ff"},{"answer":"None","answer_ref":"64a3e5c927100"},{"answer":"Unknown","answer_ref":"64a3e5ca27101"}],"jumps":[],"branch":[],"group":[]},{"ref":"a74c0e31f99d4c91a9f34be156d28acd_638fc279331c5_64a3de7f2707d_64a3e1d9270ad","type":"integer","question":"*FOV Target Feature Distance (m)","is_title":false,"is_required":false,"uniqueness":"none","regex":"","default":"","verify":false,"max":"","min":"","datetime_format":null,"set_to_current_datetime":false,"possible_answers":[],"jumps":[],"branch":[],"group":[]},{"ref":"a74c0e31f99d4c91a9f34be156d28acd_638fc279331c5_64a3de7f2707d_668753bf35091","type":"checkbox","question":"*Camera Location Characteristic(s)","is_title":false,"is_required":false,"uniqueness":"none","regex":null,"default":"","verify":false,"max":null,"min":null,"datetime_format":null,"set_to_current_datetime":false,"possible_answers":[{"answer":"Trail","answer_ref":"668753bf35093"},{"answer":"Road","answer_ref":"668753bf35094"},{"answer":"Railway/Pipeline/Transmission Line","answer_ref":"668753bf35095"},{"answer":"Cutline/Seismic Line","answer_ref":"668753d8350a8"},{"answer":"Wellsite","answer_ref":"668753d8350a9"},{"answer":"Clearcut","answer_ref":"668753d8350aa"},{"answer":"Building","answer_ref":"668753d9350ab"},{"answer":"Forest - Deciduous","answer_ref":"668753d9350ac"},{"answer":"Forest - Coniferous","answer_ref":"668753d9350ad"},{"answer":"Forest - Mixedwood","answer_ref":"668753d9350ae"},{"answer":"Forest - Undefined","answer_ref":"668753d9350af"},{"answer":"Meadow","answer_ref":"668753d9350b0"},{"answer":"Burn","answer_ref":"668753d9350b1"},{"answer":"Agriculture","answer_ref":"668753d9350b2"},{"answer":"Shrubland","answer_ref":"668753da350b3"},{"answer":"Beaver Dam","answer_ref":"668753da350b4"},{"answer":"Lentic","answer_ref":"668753da350b5"},{"answer":"Lotic","answer_ref":"668753da350b6"},{"answer":"Other†","answer_ref":"668753da350b7"},{"answer":"Unknown","answer_ref":"668753da350b8"}],"jumps":[],"branch":[],"group":[]}]},{"ref":"a74c0e31f99d4c91a9f34be156d28acd_638fc279331c5_64a3e9cb27676","type":"group","question":"Deployment - Site Characteristics","is_title":false,"is_required":false,"uniqueness":"none","regex":null,"default":null,"verify":false,"max":null,"min":null,"datetime_format":null,"set_to_current_datetime":false,"possible_answers":[],"jumps":[{"to":"a74c0e31f99d4c91a9f34be156d28acd_638fc279331c5_668746f3d3ad0","when":"ALL","answer_ref":null}],"branch":[],"group":[{"ref":"a74c0e31f99d4c91a9f34be156d28acd_638fc279331c5_64a3e9cb27676_64a3e9cb2768b","type":"checkbox","question":"*Deployment Area Photos Taken","is_title":false,"is_required":false,"uniqueness":"none","regex":null,"default":"","verify":false,"max":null,"min":null,"datetime_format":null,"set_to_current_datetime":false,"possible_answers":[{"answer":"YES","answer_ref":"64a3e9cb2768c"},{"answer":"NO","answer_ref":"6687491819646"}],"jumps":[],"branch":[],"group":[]},{"ref":"a74c0e31f99d4c91a9f34be156d28acd_638fc279331c5_64a3e9cb27676_64a3e9cb2768d","type":"photo","question":"N photo collected?","is_title":false,"is_required":false,"uniqueness":"none","regex":null,"default":null,"verify":false,"max":null,"min":null,"datetime_format":null,"set_to_current_datetime":false,"possible_answers":[],"jumps":[],"branch":[],"group":[]},{"ref":"a74c0e31f99d4c91a9f34be156d28acd_638fc279331c5_64a3e9cb27676_64a3e9cb2768e","type":"photo","question":"W photo collected?","is_title":false,"is_required":false,"uniqueness":"none","regex":null,"default":null,"verify":false,"max":null,"min":null,"datetime_format":null,"set_to_current_datetime":false,"possible_answers":[],"jumps":[],"branch":[],"group":[]},{"ref":"a74c0e31f99d4c91a9f34be156d28acd_638fc279331c5_64a3e9cb27676_64a3e9cb2768f","type":"photo","question":"S photo collected?","is_title":false,"is_required":false,"uniqueness":"none","regex":null,"default":null,"verify":false,"max":null,"min":null,"datetime_format":null,"set_to_current_datetime":false,"possible_answers":[],"jumps":[],"branch":[],"group":[]},{"ref":"a74c0e31f99d4c91a9f34be156d28acd_638fc279331c5_64a3e9cb27676_64a3e9cb27690","type":"photo","question":"E photo collected?","is_title":false,"is_required":false,"uniqueness":"none","regex":null,"default":null,"verify":false,"max":null,"min":null,"datetime_format":null,"set_to_current_datetime":false,"possible_answers":[],"jumps":[],"branch":[],"group":[]},{"ref":"a74c0e31f99d4c91a9f34be156d28acd_638fc279331c5_64a3e9cb27676_64a3e9cb27691","type":"text","question":"*Deployment Area Photos Numbers","is_title":false,"is_required":false,"uniqueness":"none","regex":null,"default":null,"verify":false,"max":null,"min":null,"datetime_format":null,"set_to_current_datetime":false,"possible_answers":[],"jumps":[],"branch":[],"group":[]}]},{"ref":"a74c0e31f99d4c91a9f34be156d28acd_638fc279331c5_64a3e60827104","type":"group","question":"Service/Retrieval - Equipment Info","is_title":false,"is_required":false,"uniqueness":"none","regex":null,"default":null,"verify":false,"max":null,"min":null,"datetime_format":null,"set_to_current_datetime":false,"possible_answers":[],"jumps":[],"branch":[],"group":[{"ref":"a74c0e31f99d4c91a9f34be156d28acd_638fc279331c5_64a3e60827104_64a3e7022711f","type":"checkbox","question":"*Camera Active On Arrival","is_title":false,"is_required":false,"uniqueness":"none","regex":null,"default":"","verify":false,"max":null,"min":null,"datetime_format":null,"set_to_current_datetime":false,"possible_answers":[{"answer":"YES","answer_ref":"64a3e70227120"},{"answer":"NO","answer_ref":"664d468901dab"}],"jumps":[],"branch":[],"group":[]},{"ref":"a74c0e31f99d4c91a9f34be156d28acd_638fc279331c5_64a3e60827104_64a3e6e22711b","type":"dropdown","question":"*Camera Damaged","is_title":false,"is_required":false,"uniqueness":"none","regex":null,"default":"","verify":false,"max":null,"min":null,"datetime_format":null,"set_to_current_datetime":false,"possible_answers":[{"answer":"None","answer_ref":"64a3e6e22711c"},{"answer":"Physical‡","answer_ref":"64a3e6e92711d"},{"answer":"Mechanical‡","answer_ref":"64a3e6e92711e"}],"jumps":[],"branch":[],"group":[]},{"ref":"a74c0e31f99d4c91a9f34be156d28acd_638fc279331c5_64a3e60827104_64ae2bad9af66","type":"text","question":"New Camera ID","is_title":false,"is_required":false,"uniqueness":"none","regex":null,"default":null,"verify":false,"max":null,"min":null,"datetime_format":null,"set_to_current_datetime":false,"possible_answers":[],"jumps":[],"branch":[],"group":[]},{"ref":"a74c0e31f99d4c91a9f34be156d28acd_638fc279331c5_64a3e60827104_64a3e69027115","type":"text","question":"New Camera Make","is_title":false,"is_required":false,"uniqueness":"none","regex":null,"default":null,"verify":false,"max":null,"min":null,"datetime_format":null,"set_to_current_datetime":false,"possible_answers":[],"jumps":[],"branch":[],"group":[]},{"ref":"a74c0e31f99d4c91a9f34be156d28acd_638fc279331c5_64a3e60827104_64a3e69627117","type":"text","question":"New Camera Model","is_title":false,"is_required":false,"uniqueness":"none","regex":null,"default":null,"verify":false,"max":null,"min":null,"datetime_format":null,"set_to_current_datetime":false,"possible_answers":[],"jumps":[],"branch":[],"group":[]},{"ref":"a74c0e31f99d4c91a9f34be156d28acd_638fc279331c5_64a3e60827104_64a3e60827109","type":"text","question":"*SD Card ID","is_title":false,"is_required":false,"uniqueness":"none","regex":null,"default":null,"verify":false,"max":null,"min":null,"datetime_format":null,"set_to_current_datetime":false,"possible_answers":[],"jumps":[],"branch":[],"group":[]},{"ref":"a74c0e31f99d4c91a9f34be156d28acd_638fc279331c5_64a3e60827104_64a3e69b27118","type":"text","question":"New Camera Serial Number","is_title":false,"is_required":false,"uniqueness":"none","regex":null,"default":null,"verify":false,"max":null,"min":null,"datetime_format":null,"set_to_current_datetime":false,"possible_answers":[],"jumps":[],"branch":[],"group":[]},{"ref":"a74c0e31f99d4c91a9f34be156d28acd_638fc279331c5_64a3e60827104_64a3e71b27121","type":"integer","question":"*Card Status (% full)","is_title":false,"is_required":false,"uniqueness":"none","regex":"","default":"","verify":false,"max":"","min":"","datetime_format":null,"set_to_current_datetime":false,"possible_answers":[],"jumps":[],"branch":[],"group":[]},{"ref":"a74c0e31f99d4c91a9f34be156d28acd_638fc279331c5_64a3e60827104_64a3e72e27123","type":"integer","question":"*# Of Images","is_title":false,"is_required":false,"uniqueness":"none","regex":"","default":"","verify":false,"max":"","min":"","datetime_format":null,"set_to_current_datetime":false,"possible_answers":[],"jumps":[],"branch":[],"group":[]},{"ref":"a74c0e31f99d4c91a9f34be156d28acd_638fc279331c5_64a3e60827104_64a3e79b27126","type":"checkbox","question":"*SD Card Replaced","is_title":false,"is_required":false,"uniqueness":"none","regex":null,"default":"","verify":false,"max":null,"min":null,"datetime_format":null,"set_to_current_datetime":false,"possible_answers":[{"answer":"YES","answer_ref":"64a3e79b27127"},{"answer":"NO","answer_ref":"664d466301da9"}],"jumps":[],"branch":[],"group":[]},{"ref":"a74c0e31f99d4c91a9f34be156d28acd_638fc279331c5_64a3e60827104_64a3e69427116","type":"text","question":"*New SD Card ID","is_title":false,"is_required":false,"uniqueness":"none","regex":null,"default":null,"verify":false,"max":null,"min":null,"datetime_format":null,"set_to_current_datetime":false,"possible_answers":[],"jumps":[],"branch":[],"group":[]},{"ref":"a74c0e31f99d4c91a9f34be156d28acd_638fc279331c5_64a3e60827104_64a3e72a27122","type":"integer","question":"*Remaining Battery (%)","is_title":false,"is_required":false,"uniqueness":"none","regex":"","default":"","verify":false,"max":"","min":"","datetime_format":null,"set_to_current_datetime":false,"possible_answers":[],"jumps":[],"branch":[],"group":[]},{"ref":"a74c0e31f99d4c91a9f34be156d28acd_638fc279331c5_64a3e60827104_64a3e7b427128","type":"checkbox","question":"*Batteries Replaced","is_title":false,"is_required":false,"uniqueness":"none","regex":null,"default":"","verify":false,"max":null,"min":null,"datetime_format":null,"set_to_current_datetime":false,"possible_answers":[{"answer":"YES","answer_ref":"64a3e7b427129"},{"answer":"NO","answer_ref":"664d466a01daa"}],"jumps":[],"branch":[],"group":[]}]},{"ref":"a74c0e31f99d4c91a9f34be156d28acd_638fc279331c5_668746f3d3ad0","type":"dropdown","question":"Bait/lure Type","is_title":false,"is_required":false,"uniqueness":"none","regex":null,"default":"","verify":false,"max":null,"min":null,"datetime_format":null,"set_to_current_datetime":false,"possible_answers":[{"answer":"Scent","answer_ref":"668746f3d3ad1"},{"answer":"Meal","answer_ref":"6687470dd3ad2"},{"answer":"Bait Tree","answer_ref":"6687470dd3ad3"},{"answer":"Visual","answer_ref":"6687470dd3ad4"},{"answer":"Acoustic","answer_ref":"6687470dd3ad5"},{"answer":"Other‡","answer_ref":"6687470ed3ad6"},{"answer":"None","answer_ref":"6687470ed3ad7"},{"answer":"Unknown","answer_ref":"6687470ed3ad8"}],"jumps":[],"branch":[],"group":[]},{"ref":"a74c0e31f99d4c91a9f34be156d28acd_638fc279331c5_64a3e9902763d","type":"group","question":"Equipment Checks","is_title":false,"is_required":false,"uniqueness":"none","regex":null,"default":null,"verify":false,"max":null,"min":null,"datetime_format":null,"set_to_current_datetime":false,"possible_answers":[],"jumps":[],"branch":[],"group":[{"ref":"a74c0e31f99d4c91a9f34be156d28acd_638fc279331c5_64a3e9902763d_64a3e9902763e","type":"checkbox","question":"*Test Image Taken","is_title":false,"is_required":false,"uniqueness":"none","regex":null,"default":"","verify":false,"max":null,"min":null,"datetime_format":null,"set_to_current_datetime":false,"possible_answers":[{"answer":"YES","answer_ref":"64a3e9902763f"},{"answer":"NO","answer_ref":"664d45ce01d81"}],"jumps":[],"branch":[],"group":[]},{"ref":"a74c0e31f99d4c91a9f34be156d28acd_638fc279331c5_64a3e9902763d_64a3e99027640","type":"checkbox","question":"*Walktest Complete","is_title":false,"is_required":false,"uniqueness":"none","regex":null,"default":"","verify":false,"max":null,"min":null,"datetime_format":null,"set_to_current_datetime":false,"possible_answers":[{"answer":"YES","answer_ref":"64a3e99027641"},{"answer":"NO","answer_ref":"664d45c801d80"}],"jumps":[],"branch":[],"group":[]},{"ref":"a74c0e31f99d4c91a9f34be156d28acd_638fc279331c5_64a3e9902763d_64a3e99027642","type":"integer","question":"*Walktest Distance (m)","is_title":false,"is_required":false,"uniqueness":"none","regex":"","default":"","verify":false,"max":"","min":"","datetime_format":null,"set_to_current_datetime":false,"possible_answers":[],"jumps":[],"branch":[],"group":[]},{"ref":"a74c0e31f99d4c91a9f34be156d28acd_638fc279331c5_64a3e9902763d_64a3e99027643","type":"integer","question":"*Walktest Height (m)","is_title":false,"is_required":false,"uniqueness":"none","regex":"","default":"","verify":false,"max":"","min":"","datetime_format":null,"set_to_current_datetime":false,"possible_answers":[],"jumps":[],"branch":[],"group":[]},{"ref":"a74c0e31f99d4c91a9f34be156d28acd_638fc279331c5_64a3e9902763d_64a3e9af27674","type":"checkbox","question":"*Camera Active On Departure","is_title":false,"is_required":false,"uniqueness":"none","regex":null,"default":"","verify":false,"max":null,"min":null,"datetime_format":null,"set_to_current_datetime":false,"possible_answers":[{"answer":"YES","answer_ref":"64a3e9af27675"},{"answer":"NO","answer_ref":"664d45d401d82"},{"answer":"NA","answer_ref":"6687467ed3acf"}],"jumps":[],"branch":[],"group":[]}]},{"ref":"a74c0e31f99d4c91a9f34be156d28acd_638fc279331c5_664d386f5b2b9","type":"group","question":"Comments","is_title":false,"is_required":false,"uniqueness":"none","regex":null,"default":null,"verify":false,"max":null,"min":null,"datetime_format":null,"set_to_current_datetime":false,"possible_answers":[],"jumps":[],"branch":[],"group":[{"ref":"a74c0e31f99d4c91a9f34be156d28acd_638fc279331c5_664d386f5b2b9_664d39365b2cf","type":"text","question":"*Camera Location Comments","is_title":false,"is_required":false,"uniqueness":"none","regex":null,"default":null,"verify":false,"max":null,"min":null,"datetime_format":null,"set_to_current_datetime":false,"possible_answers":[],"jumps":[],"branch":[],"group":[]},{"ref":"a74c0e31f99d4c91a9f34be156d28acd_638fc279331c5_664d386f5b2b9_664d39395b2d0","type":"text","question":"*Visit Comments","is_title":false,"is_required":false,"uniqueness":"none","regex":null,"default":null,"verify":false,"max":null,"min":null,"datetime_format":null,"set_to_current_datetime":false,"possible_answers":[],"jumps":[],"branch":[],"group":[]}]}]}}}